date,amount,description,type,identifier,gender
22/09/2022,-40.5,OPTUS BILLING AUTOPAY MACQUARIE PAR NS AUS Card xx7587 Value Date: 20/09/2022,Utilities,Javier Pena,Male
20/09/2022,-11,Transfer To Denni CommBank App Sapa,Groceries,Javier Pena,Male
20/09/2022,-4.45,1342_Broadway_KFC Pyrmont AU,Groceries,Javier Pena,Male
18/09/2022,-30,Transfer To Nayu Suzuki CommBank App Korean bbq,Groceries,Javier Pena,Male
17/09/2022,-14.5,MESSINA CIRC QUAY Sydney AU,Groceries,Javier Pena,Male
17/09/2022,-3.6,COLES 0862 BLACKTOWN AU,Groceries,Javier Pena,Male
17/09/2022,-40.89,PRICELINE BLACKTOWN BLACKTOWN NSWAU,Groceries,Javier Pena,Male
16/09/2022,-74.81,SMP*MEDAN CIAK Sydney02 AU,Groceries,Javier Pena,Male
16/09/2022,-5,HQ - THE HEALTH QUARTE SYDNEY AU,Groceries,Javier Pena,Male
15/09/2022,-40,TRANSPORTFORNSW OPAL CHIPPENDALE AUS Card xx7587 Value Date: 14/09/2022,Transportation,Javier Pena,Male
14/09/2022,-11.5,COLES 7710 MARSDEN PARK AU,Groceries,Javier Pena,Male
13/09/2022,-3.2,CantaloupeSystemsAustr Albion QL AUS Card xx7587 Value Date: 09/09/2022,Groceries,Javier Pena,Male
11/09/2022,-5.65,MCDONALDS ROUSE HILLT ROUSE HILL NSWAU,Groceries,Javier Pena,Male
11/09/2022,-5.7,MUFFIN BREAK RSE HLL ROUSE HILL NSWAU,Groceries,Javier Pena,Male
11/09/2022,-15.04,De Hawker's Rouse Hill AU,Groceries,Javier Pena,Male
11/09/2022,-30.5,SMP*GoodFellas Marsden Marsden Park02 AU,Groceries,Javier Pena,Male
10/09/2022,-52.25,COLES 7710 MARSDEN PARK AU,Groceries,Javier Pena,Male
10/09/2022,-40,TRANSPORTFORNSW OPAL CHIPPENDALE AUS Card xx7587 Value Date: 09/09/2022,Transportation,Javier Pena,Male
09/09/2022,-18.5,ZLR*Uni Bros UTS Ultimo AU,Groceries,Javier Pena,Male
09/09/2022,-3,SQ *ACTIVATEUTS LTD Ultimo AU,Groceries,Javier Pena,Male
09/09/2022,-4.5,SQ *THE LITTLE ROASTER Ultimo AU,Groceries,Javier Pena,Male
07/09/2022,-4.45,1342_Broadway_KFC Pyrmont AU,Groceries,Javier Pena,Male
07/09/2022,-40,TRANSPORTFORNSW OPAL CHIPPENDALE AUS Card xx7587 Value Date: 05/09/2022,Transportation,Javier Pena,Male
06/09/2022,-3.65,BREADTOP GEORGE STRE SYDNEY AU,Groceries,Javier Pena,Male
05/09/2022,-19.2,Guzman y Gomez Sydney AU,Groceries,Javier Pena,Male
04/09/2022,-4,KMART 1002 BLACKTOWN AU,Groceries,Javier Pena,Male
04/09/2022,-1,SQ *PHO PASTEUR Blacktown AU,Groceries,Javier Pena,Male
01/09/2022,-5.75,IKEA MARSDEN PARK MARSDEN PARK AU,Groceries,Javier Pena,Male
01/09/2022,-12.95,MCDONALDS BLACKTOWN RABLACKTOWN NSWAU,Groceries,Javier Pena,Male
01/09/2022,-23.49,Leaf Cafe Marsden Park AU,Groceries,Javier Pena,Male
30/08/2022,-3.5,SQ *ACTIVATEUTS LTD Ultimo AU,Groceries,Javier Pena,Male
30/08/2022,-14.1,GOLDEN TOWER P.C PTY HAYMARKET AU,Groceries,Javier Pena,Male
30/08/2022,-40,TRANSPORTFORNSW OPAL CHIPPENDALE AUS Card xx7587 Value Date: 29/08/2022,Transportation,Javier Pena,Male
25/08/2022,-107.59,MYEONG DONG NORTH STRATH AU,Groceries,Javier Pena,Male
24/08/2022,-18.25,Spice Bar Chippendale NS AUS Card xx7587 Value Date: 22/08/2022,Groceries,Javier Pena,Male
24/08/2022,-29.29,Kopi-Tiam Spice Alley Chippendale NS AUS Card xx7587 Value Date: 22/08/2022,Groceries,Javier Pena,Male
24/08/2022,-40,TRANSPORTFORNSW OPAL CHIPPENDALE AUS Card xx7587 Value Date: 23/08/2022,Transportation,Javier Pena,Male
23/08/2022,-3.5,SQ *ACTIVATEUTS LTD Ultimo AU,Groceries,Javier Pena,Male
23/08/2022,-34.35,COLES 0862 BLACKTOWN AU AUS Card xx7587 Value Date: 19/08/2022,Groceries,Javier Pena,Male
23/08/2022,-14.26,TWO PECK CRISPY CHICK Sydney NS AUS Card xx7587 Value Date: 20/08/2022,Groceries,Javier Pena,Male
23/08/2022,-40.64,OPTUS BILLING AUTOPAY MACQUARIE PAR NS AUS Card xx7587 Value Date: 20/08/2022,Utilities,Javier Pena,Male
23/08/2022,-4,SQ *STOCK MARKET KITCH Ultimo AU,Groceries,Javier Pena,Male
23/08/2022,-7.5,ZLR*Uni Bros UTS Ultimo AU,Groceries,Javier Pena,Male
19/08/2022,-3.5,SQ *ACTIVATEUTS LTD Ultimo AU AUS Card xx7587 Value Date: 16/08/2022,Groceries,Javier Pena,Male
18/08/2022,-15.25,SMP*Super Chef BBQ Haymarket AU AUS Card xx7587 Value Date: 16/08/2022,Groceries,Javier Pena,Male
17/08/2022,-15.8,SGT CONNEXION P/L SYDNEY NS AUS Card xx7587 Value Date: 13/08/2022,Groceries,Javier Pena,Male
17/08/2022,-40,TRANSPORTFORNSW OPAL CHIPPENDALE AUS Card xx7587 Value Date: 16/08/2022,Transportation,Javier Pena,Male
16/08/2022,-30,KM BLACKTOWN PTY LTD BLACKTOWN NS AUS Card xx7587 Value Date: 12/08/2022,Groceries,Javier Pena,Male
16/08/2022,-3.5,SQ *ACTIVATEUTS LTD Ultimo AU AUS Card xx7587 Value Date: 11/08/2022,Groceries,Javier Pena,Male
12/08/2022,-3.5,SQ *ACTIVATEUTS LTD Ultimo AU AUS Card xx7587 Value Date: 09/08/2022,Groceries,Javier Pena,Male
12/08/2022,-2.99,PLINE PH CENTRAL PAR CHIPPENDALE AUS Card xx7587 Value Date: 09/08/2022,Groceries,Javier Pena,Male
12/08/2022,-40,TRANSPORTFORNSW OPAL CHIPPENDALE AUS Card xx7587 Value Date: 11/08/2022,Transportation,Javier Pena,Male
11/08/2022,-18.8,NO 1 HALAL FOODS PL SYDNEY AUS Card xx7587 Value Date: 09/08/2022,Groceries,Javier Pena,Male
21/09/2022,-8,VISA DEBIT PURCHASE CARD 2066 SU SPORT CAMPERDOWN,Groceries ,Thyme,Male
19/09/2022,-3.8,EFTPOS SQ *CRONULLA FERRIES C      \CRONULLA AU,Transportation,Thyme,Male
16/09/2022,-18.99,VISA DEBIT PURCHASE CARD 2066 PAYPAL *SPOTIFY 35314369001,Utilities,Thyme,Male
13/09/2022,-20,VISA DEBIT PURCHASE CARD 2066 TRANSPORTFORNSW OPAL CHIPPENDALE,Transportation,Thyme,Male
13/09/2022,-13,VISA DEBIT PURCHASE CARD 2066 SYDNEY INDOOR CLIMBI ST PETERS,Groceries ,Thyme,Male
12/09/2022,-630,ANZ MOBILE BANKING PAYMENT 515993 TO Johnny,Utilities,Thyme,Male
12/09/2022,-37.05,VISA DEBIT PURCHASE CARD 2066 BURGERS ANONYMOUS ASH ASHFIELD,Groceries ,Thyme,Male
12/09/2022,-59.59,VISA DEBIT PURCHASE CARD 2066 HONG KONG BING SUTT BURWOOD,Groceries ,Thyme,Male
09/09/2022,-7.9,VISA DEBIT PURCHASE CARD 2066 PAPA RICH ULTIMO,Groceries ,Thyme,Male
09/09/2022,-5.9,VISA DEBIT PURCHASE CARD 2066 PAPA RICH ULTIMO,Groceries ,Thyme,Male
09/09/2022,-10,VISA DEBIT PURCHASE CARD 2066 TRANSPORTFORNSW OPAL CHIPPENDALE,Transportation,Thyme,Male
05/09/2022,-314,ANZ MOBILE BANKING PAYMENT 224496 TO Johnny,Utilities,Thyme,Male
05/09/2022,-30.45,VISA DEBIT PURCHASE CARD 2066 BURGERS ANONYMOUS ASH ASHFIELD,Groceries ,Thyme,Male
05/09/2022,-23,VISA DEBIT PURCHASE CARD 2066 BLOCHAUS MARRICKVILLE MARRICKVILLE,Groceries ,Thyme,Male
05/09/2022,-15,VISA DEBIT PURCHASE CARD 2066 TRANSPORTFORNSW OPAL CHIPPENDALE,Transportation,Thyme,Male
05/09/2022,-60,VISA DEBIT PURCHASE CARD 2066 PAYPAL *BELONG SERVIC 4029357733,Utilities,Thyme,Male
02/09/2022,-10,VISA DEBIT PURCHASE CARD 2066 TRANSPORTFORNSW OPAL CHIPPENDALE,Transportation,Thyme,Male
01/09/2022,-7.99,VISA DEBIT PURCHASE CARD 2066 APPLE.COM/BILL SYDNEY,Utilities,Thyme,Male
29/08/2022,-80,ANZ MOBILE BANKING PAYMENT 864720 TO Johnny,Groceries,Thyme,Male
25/08/2022,-630,ANZ MOBILE BANKING PAYMENT 884367 TO Johnny,Utilities,Thyme,Male
25/08/2022,-15,VISA DEBIT PURCHASE CARD 2066 PAYPAL *BELONG 4029357733,Utilities,Thyme,Male
22/08/2022,-10,ANZ MOBILE BANKING PAYMENT 541475 TO Johnny,Groceries,Thyme,Male
22/08/2022,-10,VISA DEBIT PURCHASE CARD 2066 TRANSPORTFORNSW OPAL CHIPPENDALE,Transport,Thyme,Male
22/08/2022,-45,VISA DEBIT PURCHASE CARD 2066 VICTORIAS BASEMENT SYDNEY,Groceries,Thyme,Male
22/08/2022,-68,VISA DEBIT PURCHASE CARD 2066 6 MARY STREET NEWTOWN,Groceries,Thyme,Male
22/08/2022,-19.5,VISA DEBIT PURCHASE CARD 2066 SYDNEY INDOOR CLIMBI ST PETERS,Utilities,Thyme,Male
22/08/2022,-10,VISA DEBIT PURCHASE CARD 2066 TRANSPORTFORNSW OPAL CHIPPENDALE,Transportation,Thyme,Male
16/08/2022,-83.94,VISA DEBIT PURCHASE CARD 2066 MACPAC SYDNEY SYDNEY,Utilities,Thyme,Male
16/08/2022,-18.99,VISA DEBIT PURCHASE CARD 2066 PAYPAL *SPOTIFY 35314369001,Utilities,Thyme,Male
16/08/2022,-20,VISA DEBIT PURCHASE CARD 2066 TRANSPORTFORNSW OPAL CHIPPENDALE,Transportation,Thyme,Male
15/08/2022,-10,VISA DEBIT PURCHASE CARD 2066 TRANSPORTFORNSW OPAL CHIPPENDALE,Transportation,Thyme,Male
12/08/2022,-630,ANZ MOBILE BANKING PAYMENT 846679 TO Johnny,Utilities,Thyme,Male
12/08/2022,-40.9,VISA DEBIT PURCHASE CARD 2066 NIVI MARKETING PTY L LEICHHARDT,Groceries,Thyme,Male
11/08/2022,-30.92,VISA DEBIT PURCHASE CARD 2066 APPLE.COM/BILL SYDNEY,Groceries,Thyme,Male
11/08/2022,-20.6,VISA DEBIT PURCHASE CARD 2066 PAYPAL *DIDIMOBILIT 4029357733,Utilities,Thyme,Male
11/08/2022,-10,VISA DEBIT PURCHASE CARD 2066 TRANSPORTFORNSW OPAL CHIPPENDALE,Transportation,Thyme,Male
11/08/2022,-7.4,Transfer To Wonyik Kwon,Groceries,Felix,Male
11/08/2022,-70,Transfer To Wonyik Kwon,Groceries,Felix,Male
11/08/2022,-14.99,RED BOTTLE CENTRAL QPS CHIPPENDALE,Groceries,Felix,Male
13/08/2022,-16.99,Netflix.com Melbourne,Utilities,Felix,Male
17/08/2022,-60,Transfer To Yonseigroup,Utilities,Felix,Male
17/08/2022,-12.3,WOOLWORTHS,Groceries,Felix,Male
18/08/2022,-8.8,WOOLWORTHS,Groceries,Felix,Male
18/08/2022,-31.1,Fresh & Hot Malatang Chippendale,Groceries,Felix,Male
18/08/2022,-22.36,UBER* EATS,Groceries,Felix,Male
19/08/2022,-50,Direct Debit 119218 Vodafone,Utilities,Felix,Male
23/08/2022,-31.99,UBER* EATS,Groceries,Felix,Male
23/08/2022,-37.95,WOOLWORTHS,Groceries,Felix,Male
23/08/2022,-23.99,RED BOTTLE CENTRAL QPS CHIPPENDALE,Groceries,Felix,Male
24/08/2022,-1100,Direct Debit 181832 Sydney Residenti,Utilities,Felix,Male
24/08/2022,-15,WOOLWORTHS,Groceries,Felix,Male
24/08/2022,-23.5,Fresh & Hot Malatang Chippendale,Groceries,Felix,Male
25/08/2022,-6.99,AMZNPRIMEAU MEMBERSHIP,Utilities,Felix,Male
25/08/2022,-7.5,RED BOTTLE CENTRAL QPS CHIPPENDALE,Groceries,Felix,Male
26/08/2022,-38.95,PIZZA HUT SURRY HILLS,Groceries,Felix,Male
30/08/2022,-25.57,UBER* EATS,Groceries,Felix,Male
30/08/2022,-44.38,UBER* EATS,Groceries,Felix,Male
30/08/2022,-24.08,UBER* EATS,Groceries,Felix,Male
31/08/2022,-30.99,APPLE.COM/BILL,Utilities,Felix,Male
31/08/2022,-14.99,APPLE.COM/BILL,Utilities,Felix,Male
01/09/2022,-8.25,WOOLWORTHS,Groceries,Felix,Male
01/09/2022,-41.45,APPLE.COM/BILL,Utilities,Felix,Male
01/09/2022,-1.49,APPLE.COM/BILL,Utilities,Felix,Male
02/09/2022,-23.9,WOOLWORTHS,Groceries,Felix,Male
02/09/2022,-16.8,CROWD GROUP GO PL CHIPPENDALE,Groceries,Felix,Male
02/09/2022,-40.6,HYUL GROUP PTY LTD HAYMARKET,Groceries,Felix,Male
03/09/2022,-28.42,APPLE.COM/BILL,Utilities,Felix,Male
04/09/2022,-100,Friend_s marriage,Utilities,Felix,Male
05/09/2022,-90,PRIMUS TELECOM,Utilities,Felix,Male
06/09/2022,-27.06,UBER *TRIP,Transportation,Felix,Male
06/09/2022,-19.73,UBER *TRIP,Transportation,Felix,Male
06/09/2022,-37.4,APPLE.COM/BILL,Utilities,Felix,Male
07/09/2022,-1100,Direct Debit 181832 Sydney Residenti,Utilities,Felix,Male
08/09/2022,-17.36,UBER *EATS,Groceries,Felix,Male
08/09/2022,-1.49,APPLE.COM/BILL,Utilities,Felix,Male
08/09/2022,-59.53,Winconnect Pty Ltd CommBank app BPAY,Utilities,Felix,Male
09/09/2022,-8.99,GOOGLE*YOUTUBEPREMIUM,Utilities,Felix,Male
09/09/2022,-22.79,WOOLWORTHS,Groceries,Felix,Male
13/09/2022,-190.5,HAIDILAO DARLING SQUAR HAYMARKET,Groceries,Felix,Male
13/09/2022,-183.45,SP KMALL09 WATERLOO,Groceries,Felix,Male
13/09/2022,-16.99,Netflix.com Melbourne,Utilities,Felix,Male
15/09/2022,-10.58,WOOLWORTHS,Groceries,Felix,Male
16/09/2022,-29.53,Direct Debit 181832 Sydney Residenti,Utilities,Felix,Male
17/09/2022,-9.99,UBER *PASS Sydney,Utilities,Felix,Male
18/09/2022,-20,Offering for catholic church,Utilities,Felix,Male
18/09/2022,-13,Dinning with friends,Groceries,Felix,Male
20/09/2022,-10,Q AND Y GROUP PTY LTD HAYMARKET,Groceries,Felix,Male
20/09/2022,-9.2,WOOLWORTHS,Groceries,Felix,Male
20/09/2022,-9.21,TRANSPORTFORNSW TAP,Transportation,Felix,Male
21/09/2022,-50,Direct Debit 119218 Vodafone,Utilities,Felix,Male
21/09/2022,-1100,Direct Debit 181832 Sydney Residenti,Utilities,Felix,Male
15/08/2022,-7.95,Dinner,Groceries,Eren,Male
15/08/2022,-70,Chemist Warehouse,Medical,Eren,Male
16/08/2022,-26.03,DoorDash,Groceries,Eren,Male
17/08/2022,-4.3,Haymarket Metro,Transport,Eren,Male
18/08/2022,-8.8,Sushi Hub,Groceries,Eren,Male
19/08/2022,-20,UTS Card,Utilities,Eren,Male
20/08/2022,-28.95,Woolies,Groceries,Eren,Male
21/08/2022,-30.83,Aldi,Groceries,Eren,Male
22/08/2022,-4.25,Dinner,Groceries,Eren,Male
23/08/2022,-5.83,Dinner,Groceries,Eren,Male
24/08/2022,-4.76,DoorDash,Groceries,Eren,Male
25/08/2022,-18.01,Moshtix,Utilities,Eren,Male
26//08/2022,-9.8,Lunch,Groceries,Eren,Male
27/08/2022,-2,7 Eleven,Groceries,Eren,Male
28/08/2022,-20,Red Bottle,Groceries,Eren,Male
29/08/2022,-4.2,Lunch,Groceries,Eren,Male
30/08/2022,-23.81,Woolies,Groceries,Eren,Male
31/08/2022,-20,Hair Cut,Utilities,Eren,Male
01/09/2022,-7.7,Dinner,Groceries,Eren,Male
02/09/2022,-23.56,Dinner,Groceries,Eren,Male
03/09/2022,-5.9,Lunch,Groceries,Eren,Male
04/09/2022,-30.49,7 Eleven,Groceries,Eren,Male
05/09/2022,-29.4,Order in,Groceries,Eren,Male
06/09/2022,-15.25,Kebab,Groceries,Eren,Male
07/09/2022,-2.5,DoorDash,Groceries,Eren,Male
08/09/2022,-3.53,NSW Tap,Transportation,Eren,Male
09/09/2022,-24.29,Social Bondi,Groceries,Eren,Male
09/09/2022,-7.7,Mc Donalds,Groceries,Eren,Male
10/09/2022,-19.99,Chemist Warehouse,Medical,Eren,Male
11/09/2022,-7.89,Chemist Warehouse,Medical,Eren,Male
12/09/2022,-39.3,Woolies Metro,Groceries,Eren,Male
13/09/2022,-7.57,Mc Donalds,Groceries,Eren,Male
14/09/2022,-6.25,Mc Donalds,Groceries,Eren,Male
15/09/2022,-12.99,Chemist Warehouse,Medical,Eren,Male
16/09/2022,-12.99,Chemist Warehouse,Medical,Eren,Male
17/09/2022,-45,Red Bottle,Groceries,Eren,Male
18/09/2022,-35.95,Woolies Metro,Groceries,Eren,Male
19/09/2022,-14,Kebab,Groceries,Eren,Male
20/09/2022,-2.24,NSW Tap,Transportation,Eren,Male
21/09/2022,-31.95,TSG,Groceries,Eren,Male
22/09/2022,-6.9,Mc Donalds,Groceries,Eren,Male
11/08/2022,-20,,Transportation,Arnald,Female
11/08/2022,-10,,Utilities,Arnald,Female
11/08/2022,-5,,Utilities,Arnald,Female
14/08/2022,-27.4,,Groceries,Arnald,Female
15/08/2022,-15,,Utilities,Arnald,Female
16/08/2022,-10,,Utilities,Arnald,Female
19/08/2022,-20,,Transportation,Arnald,Female
19/08/2022,-32.05,,Groceries,Arnald,Female
27/08/2022,-20,,Transportation,Arnald,Female
27/08/2022,-29.09,,Groceries,Arnald,Female
27/08/2022,-11.05,,Utilities,Arnald,Female
31/08/2022,-42.09,,Groceries,Arnald,Female
01/09/2022,-5,,Utilities,Arnald,Female
01/09/2022,-15.05,,Utilities,Arnald,Female
04/09/2022,-20,,Transportation,Arnald,Female
04/09/2022,-37.05,,Groceries,Arnald,Female
05/09/2022,-10,,Utilities,Arnald,Female
09/09/2022,-10,,Utilities,Arnald,Female
10/09/2022,-20,,Transportation,Arnald,Female
11/09/2022,-27,,Groceries,Arnald,Female
12/09/2022,-30,,Utilities,Arnald,Female
14/09/2022,-24.95,,Utilities,Arnald,Female
17/09/2022,-15,,Utilities,Arnald,Female
18/09/2022,-21,,Utilities,Arnald,Female
19/09/2022,-20,,Transportation,Arnald,Female
21/09/2022,-21,,Groceries,Arnald,Female
11/08/2022,-7.45,KFC: 6 Wicked Wings,Groceries,Phoenix,Female
11/08/2022,-4.2,Sushi Hub: 1 rolls,Groceries,Phoenix,Female
11/08/2022,-2.95,Woolworth: 1 tape,Utilities,Phoenix,Female
11/08/2022,-25,Pho Gia Hoi: 1 Pho Bo Tai Vien (17) + Trung Tran (8),Groceries,Phoenix,Female
12/08/2022,-14.8,Sushi Hub: 1 Assorted Sushi Box,Groceries,Phoenix,Female
12/08/2022,-150,HYPE: 1 New Balance 574 Classic size 10 brown,Utilities,Phoenix,Female
12/08/2022,-7.4,Coco Tea: 1 Jasmine Milk Tea L 50% sugar + pearls,Groceries,Phoenix,Female
12/08/2022,-7,Kmart: 1 File Rack Black,Groceries,Phoenix,Female
12/08/2022,-19,Kmart: Quilt Cover Sheet + 1 pillow cover,Groceries,Phoenix,Female
12/08/2022,-21,Kmart: Mattress Protector Size S,Groceries,Phoenix,Female
12/08/2022,-3.5,Coles: Sunrice Sushi Rice 750g,Groceries,Phoenix,Female
12/08/2022,-6.75,Coles: Sistema containers 3 packs,Groceries,Phoenix,Female
12/08/2022,-6.6,Coles: Kewpie Mayonnaise 500g,Groceries,Phoenix,Female
12/08/2022,-2.95,Coles: Himalayan Salt 103g,Groceries,Phoenix,Female
12/08/2022,-2.70,Coles: Obento Yaki Nori (rong bien) 25g,Groceries,Phoenix,Female
12/08/2022,-3.75,Coles: Bulla Crunch Ince Cream 8 packs,Groceries,Phoenix,Female
12/08/2022,-2.2,Coles: Cub Bio Baby Wipes 80 wipes,Groceries,Phoenix,Female
12/08/2022,-4,World Print: Print 2 A2 panel for feedback,Utilities,Phoenix,Female
12/08/2022,-10.9,Sushi Hub: 1 inari 2 rolls,Groceries,Phoenix,Female
12/08/2022,-306.2,Link2: Rent Fee,Utilities,Phoenix,Female
13/08/2022,-7.5,OfficeWork: print 3 A2 Plan,Utilities,Phoenix,Female
13/08/2022,-29,Henry Lee's Cafe: 1 Bring It On + 1 red velvet latte + 1 custard cake,Groceries,Phoenix,Female
13/08/2022,-11.9,Mappen: 1 Stewed Beef Udon,Groceries,Phoenix,Female
13/08/2022,-7.5,PannTea: 1 Oreo Milk Foam Milk Tea L,Groceries,Phoenix,Female
14/08/2022,-4.2,Sushi Hub: 1 roll,Groceries,Phoenix,Female
14/08/2022,-7.5,KFC: 6 Wicked Wings,Groceries,Phoenix,Female
14/08/2022,-25,Woolworth: Cup Rice Cooker,Groceries,Phoenix,Female
14/08/2022,-0.8,"Woolworth: Water 1,5L",Groceries,Phoenix,Female
15/08/2022,-7.5,KFC: 6 Wicked Wings,Groceries,Phoenix,Female
15/08/2022,-7.4,PannTea: 1 Milk Tea Pearl L,Groceries,Phoenix,Female
15/08/2022,-13.1,"Sushi Hub: 2 Rolls, 1 Inari, 1 Grill Salmon",Groceries,Phoenix,Female
15/08/2022,-7.3,Gong Cha: 1 Green Milk Tea L + pearls,Groceries,Phoenix,Female
16/08/2022,-18,Chat Thai: 1 Paht Thai,Groceries,Phoenix,Female
16/08/2022,-5.36,Eckersley's Art & Craft: Eraserable Pen,Utilities,Phoenix,Female
16/08/2022,-3.73,Eckersley's Art & Craft: Staedler Ngoi chi,Utilities,Phoenix,Female
16/08/2022,-12.15,Eckersley's Art & Craft: UHU All Purpose Glue 35ml 2 tubes,Utilities,Phoenix,Female
16/08/2022,-2.66,"Eckersley's Art & Craft: Staedtler Mechanical Pencil 0,5mm",Utilities,Phoenix,Female
16/08/2022,-0.81,Eckersley's Art & Craft: 2 Fold Back Clip,Utilities,Phoenix,Female
16/08/2022,-7.3,Gong Cha: 1 Green Milk Tea L + mango pearls,Groceries,Phoenix,Female
16/08/2022,-13.95,Taco Bell: Taco Taster Box,Groceries,Phoenix,Female
17/08/2022,-7.8,GotCha: 1 Large Thai Milk Tea + boba,Groceries,Phoenix,Female
17/08/2022,-15.1,Sushi Hub: 3 rolls & 1 inari,Groceries,Phoenix,Female
17/08/2022,-2.75,Office Work: 1 A3 & 1 A2 print,Utilities,Phoenix,Female
17/08/2022,-7.45,KFC: 6 Wicked Wings,Groceries,Phoenix,Female
17/08/2022,-4,Laundry: Wash,Utilities,Phoenix,Female
18/08/2022,-10.9,Sushi Hub: 2 rolls & 1 inari,Groceries,Phoenix,Female
18/08/2022,-7.45,KFC: 6 Wicked Wings,Groceries,Phoenix,Female
18/08/2022,-7.3,GongCha: 1 Large Green Milk Tea + Mango Pearls,Groceries,Phoenix,Female
18/08/2022,-50,Vodaphone: Phone Transaction July,Utilities,Phoenix,Female
19/08/2022,-3,Wolrd of Print: 3 pages A4,Utilities,Phoenix,Female
19/08/2022,-306.2,Link2: Rent Fee,Utilities,Phoenix,Female
20/08/2022,-10.8,Hot-Star: 1 Original Fried Chicken,Groceries,Phoenix,Female
20/08/2022,-8.4,TeaSpot: 1 Large Jasmine Milk Tea + Golden Pearls,Groceries,Phoenix,Female
20/08/2022,-17.6,AirLab: 1 Cream Brulee Pancake + Ice cream + Boba,Groceries,Phoenix,Female
20/08/2022,-7.5,Coco: 1 Jasmine Large + Boba + Plastic Bag,Groceries,Phoenix,Female
20/08/2022,-11,Milk Flower: 1 Mango Milk Bottle,Groceries,Phoenix,Female
20/08/2022,-0.3,Coles: 2 reusable bags,Groceries,Phoenix,Female
20/08/2022,-11,Coles: 2 Bulla Crunch 8pk ice cream,Groceries,Phoenix,Female
20/08/2022,-45,Coles: Oral B Ban chai dien,Utilities,Phoenix,Female
20/08/2022,-5,Coles: Canvas Bag With Zip,Utilities,Phoenix,Female
20/08/2022,-4,Coles: Oral B Tooth Paste,Utilities,Phoenix,Female
20/08/2022,-9,Coles: Skin Control Pimple,Medical,Phoenix,Female
20/08/2022,-5.34,Coles: Vaseline hand & Nail 75ml,Medical,Phoenix,Female
20/08/2022,-2.8,Coles: Bioderma Micellar Water 500ml,Medical,Phoenix,Female
20/08/2022,-20,Coles: Avengers Travel Mug,Groceries,Phoenix,Female
20/08/2022,-9.5,Coles: Samyang Ramen 5 packs,Groceries,Phoenix,Female
20/08/2022,-7.7,Coles: Yakult 10 packs,Groceries,Phoenix,Female
20/08/2022,-4.5,Coles: Avalanche Vanilla Latte 10 packs,Groceries,Phoenix,Female
20/08/2022,-4.05,Coles: 3 cans of Salmon Spring Water 95gr,Groceries,Phoenix,Female
20/08/2022,-5,Coles: Monday Conditioner 350ml,Utilities,Phoenix,Female
20/08/2022,-5,Coles: Nuoc Man 375ml,Groceries,Phoenix,Female
20/08/2022,-6.6,Coles: Thai Tea 200g,Groceries,Phoenix,Female
20/08/2022,-2.5,Coles: Facial Tissue 110 packs,Groceries,Phoenix,Female
21/08/2022,-13,Hanlip Dessert: Mango Sponge Cake,Groceries,Phoenix,Female
21/08/2022,-6.5,Hanlip Dessert: Matcha Latte,Groceries,Phoenix,Female
21/08/2022,-30.4,Juan Bowl & Tea: Wagyu Bowl + Mango Green Tea,Groceries,Phoenix,Female
21/08/2022,-1.6,"Woolworth: 2 Water 1,5L",Groceries,Phoenix,Female
21/08/2022,-4,Woolworth: Pads Daytime 12pk,Groceries,Phoenix,Female
21/08/2022,-7.7,Woolworth: Pads Nightime 20pk,Groceries,Phoenix,Female
21/08/2022,-10,Woolworth: Dry Shampoo 350ml,Medical,Phoenix,Female
22/08/2022,-11.5,Woolworth: Biotin Shampoo 500ml,Medical,Phoenix,Female
22/08/2022,-4,Macha: 1 Green Tea Latte,Groceries,Phoenix,Female
22/08/2022,-10,Ice Kirin Bar: 3 flavors ice cream,Groceries,Phoenix,Female
22/08/2022,-12.1,Mr. Stonebowl: Pan Fried Pork Bun + Container,Groceries,Phoenix,Female
22/08/2022,-9.8,Machi Machi: 1 Black Milk Tea with Panna Cotta,Groceries,Phoenix,Female
22/08/2022,-3.75,Woolworth: Frozen Sui Mai 300g,Groceries,Phoenix,Female
22/08/2022,-3.75,Woolworth: Frozen Pork Dimsum 480g,Groceries,Phoenix,Female
22/08/2022,-4,Woolworth: Carrot Cauli & Brocolli Rice 500g,Groceries,Phoenix,Female
22/08/2022,-9,Woolworth: Frozen Prawn Hargow 550g,Groceries,Phoenix,Female
22/08/2022,-3.1,Woolworth: Full Cream Milk 2L,Groceries,Phoenix,Female
22/08/2022,-10.5,Woolworth: Listerine Mouthwash 500ml,Groceries,Phoenix,Female
23/08/2022,-62.11,Eckersley's Art & Craft: Mount Board A1 4 sheets,Utilities,Phoenix,Female
23/08/2022,-11.92,Eckersley's Art & Craft: Tape Measure 5m,Utilities,Phoenix,Female
23/08/2022,-4.64,Eckersley's Art & Craft: 50 clear pins,Utilities,Phoenix,Female
23/08/2022,-13,Eckersley's Art & Craft: Blades 10pk 18mm,Utilities,Phoenix,Female
23/08/2022,-12.15,Eckersley's Art & Craft: UHU All Purpose Glue 2 packs,Utilities,Phoenix,Female
23/08/2022,-2.92,Eckersley's Art & Craft: Steel Ruler 15cm,Utilities,Phoenix,Female
23/08/2022,-4.46,Eckersley's Art & Craft: Erasable Pen,Utilities,Phoenix,Female
23/08/2022,-11.5,Two Peck: 1 Boneless Chicken,Groceries,Phoenix,Female
23/08/2022,-9,Macha: 2 Green Tea Latte,Groceries,Phoenix,Female
23/08/2022,-6,World of Print: 3 A2 print paper,Utilities,Phoenix,Female
24/08/2022,-80,Opal: Top Up,Transportation,Phoenix,Female
24/08/2022,-4,Red Lea: 1 Small Chips,Groceries,Phoenix,Female
24/08/2022,-16.3,Air Lab: Cream Brulee Souffle Pancake + Mix Ice Cream,Groceries,Phoenix,Female
24/08/2022,-11.5,Two Peck: Boneless Chicken,Groceries,Phoenix,Female
25/08/2022,-8.4,Sushi Hub: 2 rolls,Groceries,Phoenix,Female
25/08/2022,-2.5,Sushi Hub: 1 inari,Groceries,Phoenix,Female
25/08/2022,-2.2,Sushi Hub: 1 grill salmon nigiri,Groceries,Phoenix,Female
25/08/2022,-8,GongCha: 1 Large Green Milk Tea + 3Js Topping,Groceries,Phoenix,Female
25/08/2022,-10,Starbucks: Top up $10,Groceries,Phoenix,Female
25/08/2022,-16.8,Mappen: 1 Stewed Beef Udo + Onsen + 1 Tempura,Groceries,Phoenix,Female
25/08/2022,-6,Fujimi Dorayaki: 1 Banana Nutella Vanilla Ice Cream Dorayaki,Groceries,Phoenix,Female
26/08/2022,-13.5,Baby Bao: Pork & Chive Pan Fried Dumplings,Groceries,Phoenix,Female
26/08/2022,-6,Baby Bao: BBQ Pork Bun,Groceries,Phoenix,Female
26/08/2022,-17.6,AirLab: 1 Souffle Pancake + Ice Cream + Boba,Groceries,Phoenix,Female
26/08/2022,-6.6,Coco: 1 Jasmine Milk Tea L 50% Sugar,Groceries,Phoenix,Female
26/08/2022,-4,Red Lea: 1 Small Chips,Groceries,Phoenix,Female
26/08/2022,-8.4,Sushi Hub: 2 Rolls,Groceries,Phoenix,Female
26/08/2022,-2.5,Sushi Hub: 1 Inari,Groceries,Phoenix,Female
26/08/2022,-2.2,Sushi Hub: 1 Grilled Salmon Nigiri,Groceries,Phoenix,Female
26/08/2022,-8,Laundry: Wash & Dry,Utilities,Phoenix,Female
26/08/2022,-306.2,Link2: Rent Fee,Utilities,Phoenix,Female
27/08/2022,-19.1,"Sushi Hub: 2 rolls, 1 inari, 2 grilled salmon, 1 tamagoyaki",Groceries,Phoenix,Female
27/08/2022,-7.3,GongCha: Green Milk Tea 50% Sugar L + Mango Pearls,Groceries,Phoenix,Female
27/08/2022,-7.45,KFC: 6 Wicked Wings,Groceries,Phoenix,Female
27/08/2022,-0.3,WoolWorth: 2 Reusable Bags,Groceries,Phoenix,Female
27/08/2022,-5.95,WoolWorth: Bells Ice 5kg,Groceries,Phoenix,Female
27/08/2022,-4.9,WoolWorth: Devondlae Milk Moo Chocolate 6x200ml,Groceries,Phoenix,Female
27/08/2022,-1,"WoolWorth: Seaweed Snacks 4,5g",Groceries,Phoenix,Female
27/08/2022,-4.5,WoolWorth: Heinz Ketchup 500ml,Groceries,Phoenix,Female
27/08/2022,-4.55,WoolWorth: Heinz Mayonnaise 295ml,Groceries,Phoenix,Female
27/08/2022,-4.5,WoolWorth: Mama Humbo Noodle Tom Yum 5 packs,Groceries,Phoenix,Female
27/08/2022,-6.95,WoolWorth: Pro Live Probiotic Drink 10x63ml,Groceries,Phoenix,Female
27/08/2022,-10,WoolWorth: Mr Chen Prawn Hargow 300g 2 packs,Groceries,Phoenix,Female
27/08/2022,-0.75,WoolWorth: Wai Wai Instant Noodle 60g,Groceries,Phoenix,Female
27/08/2022,-1.25,WoolWorth: Mama Noodle 90g,Groceries,Phoenix,Female
27/08/2022,-1.8,WoolWorth: Whipping Cream 200ml,Groceries,Phoenix,Female
27/08/2022,-1.5,WoolWorth: Oreo Cookie Red Velvet 133g,Groceries,Phoenix,Female
27/08/2022,-4.2,WoolWorth: Nongshim Shin Ramyeon Cup Noodles 2 cups,Groceries,Phoenix,Female
27/08/2022,-1.3,WoolWorth: Tissue 224pk,Groceries,Phoenix,Female
28/08/2022,-4.5,Moon Cake: 1 Pineapple Salt Egg Yolk Pastry Cake,Groceries,Phoenix,Female
28/08/2022,-4,Sponge Cake: Strawberry Sponge Cake half,Groceries,Phoenix,Female
28/08/2022,-7.5,Sponge Cake: 1 Original Donut + 1 Uze Donut,Groceries,Phoenix,Female
28/08/2022,-9.5,Sponge Cake: Noodles + Grilled Chicken Half,Groceries,Phoenix,Female
28/08/2022,-8.8,AirLab: 1 Cream Brulee Souffle Pancke + Ice Cream + Boba Half,Groceries,Phoenix,Female
28/08/2022,-1.6,"WoolWorth: Spring Water Bottle 2 Bottles 1,5L",Groceries,Phoenix,Female
28/08/2022,-1.5,WoolWorth: Oreo Cookie Red Velvet 133g,Groceries,Phoenix,Female
29/08/2022,-13.4,"Sushi Hub: 1 Scallop Nigiri, 1 Baby Octopus Inari, 1 Rolls, 1 Grilled Tama, 2 Grilled Salmon Nigiri",Groceries,Phoenix,Female
29/08/2022,-8.6,PannTea: Cream Brulees Milk Tea,Groceries,Phoenix,Female
29/08/2022,-17,Chemist: Blackmore ,Medical,Phoenix,Female
29/08/2022,-5,Chemist: Refresh Eye Drops ,Medical,Phoenix,Female
30/08/2022,-23,Chemist: Lucas Papaw ointment 25g,Medical,Phoenix,Female
30/08/2022,-2.5,Sushi Hub: 1 Inari,Groceries,Phoenix,Female
30/08/2022,-4.4,Sushi Hub: 2 Grilled Salmon Nigiri,Groceries,Phoenix,Female
30/08/2022,-4.2,Sushi Hub: 1 Prawn Katsu Roll,Groceries,Phoenix,Female
30/08/2022,-2.6,Sushi Hub: 1 Scallop Nigiri,Groceries,Phoenix,Female
30/08/2022,-15.5,Sushi Hub: 1 Assorted Sushi Box,Groceries,Phoenix,Female
30/08/2022,-6.6,Coco Tea: 1 Jasmine Milk Tea L size 50% Sugar,Groceries,Phoenix,Female
30/08/2022,-13,Coles: Salmon 280g,Groceries,Phoenix,Female
30/08/2022,-10,Coles: Tenders 400g,Groceries,Phoenix,Female
30/08/2022,-7.7,Coles: Yakult 10packs x 65ml,Groceries,Phoenix,Female
30/08/2022,-8.5,Coles: Sharpie S-note 6 Markers,Utilities,Phoenix,Female
30/08/2022,-4,Coles: Sauce 210ml,Groceries,Phoenix,Female
30/08/2022,-5,Coles: Super Crumb Fish Fillet 425gr,Groceries,Phoenix,Female
30/08/2022,-5,Coles: Beef Rice Sauce 175gr,Groceries,Phoenix,Female
30/08/2022,-6.3,Coles: Spam Canned 340g,Groceries,Phoenix,Female
30/08/2022,-7.5,Coles: Frozen Pork 290gr,Utilities,Phoenix,Female
30/08/2022,-3.67,Coles: Sharpie Fine Black 2 packs,Utilities,Phoenix,Female
30/08/2022,-3.5,Coles: Frozen Vegetables 1kg,Groceries,Phoenix,Female
31/08/2022,-15.5,UniBros: Snack Pack,Groceries,Phoenix,Female
31/08/2022,-6.45,ChaTime: Earl Grey Milk Tea 30% Sugar L,Groceries,Phoenix,Female
31/08/2022,-7.3,GongCha: Green Milk Tea + Mango Pearl L 50% Sugar,Groceries,Phoenix,Female
01/09/2022,-6.7,ShareTea: Pudding Milk Tea 50% Sugar L size,Groceries,Phoenix,Female
01/09/2022,-7.9,Show Nom: Thai Milk Tea Custard Grilled Toast,Groceries,Phoenix,Female
01/09/2022,-3.1,WoolWorth: Full Cream Milk Tea 2L,Groceries,Phoenix,Female
01/09/2022,-5,WoolWorth: Eggs Free Range 12 pack 700g,Groceries,Phoenix,Female
01/09/2022,-2.1,WoolWorth: Oreo Cookie Red Velvet 133g,Groceries,Phoenix,Female
01/09/2022,-3.15,WoolWorth: Tissue 95pk Box,Utilities,Phoenix,Female
01/09/2022,-8,Laundry: Wash & Dry,Utilities,Phoenix,Female
02/09/2022,-2.5,Sushi Hub: 1 Inari,Groceries,Phoenix,Female
02/09/2022,-6.6,WoolWorth: 3 Grilled Salmon Nigiri,Groceries,Phoenix,Female
02/09/2022,-2.6,WoolWorth: 1 Scallon Nigiri,Groceries,Phoenix,Female
02/09/2022,-3.8,WoolWorth: 1 Tamagoyaki,Groceries,Phoenix,Female
02/09/2022,-4.2,WoolWorth: 1 Prawn Katsu Roll,Groceries,Phoenix,Female
03/09/2022,-9.5,Tsukiyo: 1 original Takoyaki,Groceries,Phoenix,Female
03/09/2022,-16,Iiko Mazesoba: 1 Tsukimi Noodle,Groceries,Phoenix,Female
03/09/2022,-29,"15cm Cheesecake: 3 Cheesecake Slices, 1 houjicha custard",Groceries,Phoenix,Female
03/09/2022,-9.8,Bengong Black: 1 Tiramisu Drink,Groceries,Phoenix,Female
04/09/2022,-11,G3 Korean Market: Banana Milk,Groceries,Phoenix,Female
04/09/2022,-1.8,G3 Korean Market: Grape Fruit Ade,Groceries,Phoenix,Female
04/09/2022,-7.8,G3 Korean Market: Eng Roll,Groceries,Phoenix,Female
04/09/2022,-3.5,G3 Korean Market: Cu cai vang 250g,Groceries,Phoenix,Female
04/09/2022,-7.7,G3 Korean Market: Jjapagetti 4 packs,Groceries,Phoenix,Female
04/09/2022,-6.6,G3 Korean Market: Jjapagetti 5 packs,Groceries,Phoenix,Female
04/09/2022,-3.9,G3 Korean Market: Fishcake,Groceries,Phoenix,Female
04/09/2022,-15.1,Nene Chicken: Regular Chicken Cheese Flake 14.95 + bag,Groceries,Phoenix,Female
05/09/2022,-7.5,KFC: 6 Wicked Wings,Groceries,Phoenix,Female
05/09/2022,-306.2,Link2: Rent Fee,Utilities,Phoenix,Female
05/09/2022,-7.3,GongCha: Green Milk Tea + Mango Pearls,Groceries,Phoenix,Female
06/09/2022,-13.4,"Sushi Hub: 2 rolls, 2 inari",Groceries,Phoenix,Female
06/09/2022,-7.3,GongCha: Green Milk Tea + Mango Pearls,Groceries,Phoenix,Female
06/09/2022,-10.9,"Sushi Hub: 2 rolls, 1 inari",Groceries,Phoenix,Female
06/09/2022,-7.3,GongCha: Mango Milk + Mango Pearls,Groceries,Phoenix,Female
07/09/2022,-7.3,GongCha: Green Milk Tea + Mango Pearls,Groceries,Phoenix,Female
07/09/2022,-7.5,KFC: 6 Wicked Wings,Groceries,Phoenix,Female
07/09/2022,-100,"World Of Print: 3 Free size A0, 8 Colored A4 Pages, 4 A0",Utilities,Phoenix,Female
08/09/2022,-12.45,KFC: Zinger Box,Groceries,Phoenix,Female
08/09/2022,-8,Laundry: Wash & Dry,Utilities,Phoenix,Female
09/09/2022,-1,World of Print: 2 A3 size,Utilities,Phoenix,Female
09/09/2022,-6.6,Coco: Jasmine Milk Tea L 50% Sugar,Groceries,Phoenix,Female
09/09/2022,-18,Pho Saigon: Pho Tai,Groceries,Phoenix,Female
09/09/2022,-306.2,Link2: Rent Fee,Utilities,Phoenix,Female
09/09/2022,-17.6,Air Lab: Top 1,Groceries,Phoenix,Female
10/09/2022,-5.8,The Moo: Moo Milk Tea,Groceries,Phoenix,Female
10/09/2022,-50,Opal: Top up,Transportation,Phoenix,Female
10/09/2022,-18,Pho Gia Hoi: Com Tam,Groceries,Phoenix,Female
10/09/2022,-11.9,Baskin Robbin: 2 scoops Ice cream,Groceries,Phoenix,Female
10/09/2022,-3.1,WoolWorth: Full Cream Milk 2L,Groceries,Phoenix,Female
10/09/2022,-0.8,"WoolWorth: Water 1,5L",Groceries,Phoenix,Female
10/09/2022,-5.8,WoolWorth: Lipton Quality Black Tea 100 packs,Groceries,Phoenix,Female
10/09/2022,-5.6,WoolWorth: Lipton Iced Tea 20 packs,Groceries,Phoenix,Female
10/09/2022,-2.15,WoolWorth: Carmatopm EVP Milk Light and Creamy 240ml,Groceries,Phoenix,Female
10/09/2022,-1.8,WoolWorth: AOs Whipping Cream UHT 200ml,Groceries,Phoenix,Female
11/09/2022,-7.5,YiFang: 1 Green Milk Tea,Groceries,Phoenix,Female
11/09/2022,-11.85,KMall09: Bibigo SeaFood Dumplings,Groceries,Phoenix,Female
11/09/2022,-1.4,KMall09: Peach Ade 190ml,Groceries,Phoenix,Female
11/09/2022,-1.4,KMall09: Blue Lemonade 190ml,Groceries,Phoenix,Female
11/09/2022,-7.7,KMall09: Kimchi 500g,Groceries,Phoenix,Female
11/09/2022,-5.99,KMall09: Tteokbokki Original 600g,Groceries,Phoenix,Female
11/09/2022,-21.8,KMall09: Takoyaki 40pc 800g x 2 packs,Groceries,Phoenix,Female
11/09/2022,-14.3,KMall09: Dried Bonito Shaved,Groceries,Phoenix,Female
11/09/2022,-10.8,KMall09: Banana Milk,Groceries,Phoenix,Female
11/09/2022,-8.6,KMall09: Buldak Cheese 140g x 5 packs,Groceries,Phoenix,Female
11/09/2022,-1.4,KMall09: Caramel Macchiato,Groceries,Phoenix,Female
11/09/2022,-4.94,KMall09: Takoyaki Sauce 300g,Groceries,Phoenix,Female
11/09/2022,-9.15,KMall09: Face Mask Black 50p,Utilities,Phoenix,Female
11/09/2022,-4.35,KMall09: Pocachip Original 137g,Groceries,Phoenix,Female
11/09/2022,-3.45,KMall09: Pickled Radish 175g,Groceries,Phoenix,Female
12/09/2022,-7.5,Sweet Lu: Mochilato,Groceries,Phoenix,Female
12/09/2022,-11.8,Sweet Lu: Rose Crepe Cake,Groceries,Phoenix,Female
12/09/2022,-10.8,Sweet Lu: Chestnut Sponge Cake,Groceries,Phoenix,Female
12/09/2022,-5,Emperor Cream Puff Cake: 1 Box of 11 Cream Puff Cake,Groceries,Phoenix,Female
13/09/2022,-4,World Of Print: 2 A3 Colored Print,Utilities,Phoenix,Female
13/09/2022,-7.2,Gong Cha: 1 Green Milk Tea + Mango Pearls,Groceries,Phoenix,Female
13/09/2022,-10,Sizzling King: 2 Food Boxes,Groceries,Phoenix,Female
13/09/2022,-9.5,PannTea: Milo Ice Blended,Groceries,Phoenix,Female
14/09/2022,-10.9,"Sushi Hub: 2 rolls, 1 inari",Groceries,Phoenix,Female
14/09/2022,-8,Gong Cha: 1 Milk Foam Green Tea + Mango Pearls,Groceries,Phoenix,Female
14/09/2022,-6.5,Gong Cha: 1 Green Milk Tea,Groceries,Phoenix,Female
16/09/2022,-23,World of Print: 2 A1 Colored Print,Utilities,Phoenix,Female
16/09/2022,-7.4,Gotcha: Jasmine Pearl Milk Tea,Groceries,Phoenix,Female
16/09/2022,-13,Pho Saigon: 1 Pho Tai Vien,Groceries,Phoenix,Female
16/09/2022,-17.6,Air Lab: 1 Souffle Pancake + Pearl & Ice Cream,Groceries,Phoenix,Female
16/09/2022,-16,Air Lab: 1 4 inch Basque Burnt Cheesecake,Groceries,Phoenix,Female
16/09/2022,-6.6,Coco: Jasmine Milk Tea,Groceries,Phoenix,Female
16/09/2022,-306.2,Link2: Rent Fee,Utilities,Phoenix,Female
17/09/2022,-8,Irea: Egg Roll,Groceries,Phoenix,Female
17/09/2022,-6,Train Station Front: Fried Chicken,Groceries,Phoenix,Female
17/09/2022,-6.5,Hello Happy: Iced Green Tea Latte,Groceries,Phoenix,Female
17/09/2022,-4.2,Stranger: Random Help,Utilities,Phoenix,Female
17/09/2022,-10.8,LAB Bakery: 2 cakes,Groceries,Phoenix,Female
17/09/2022,-2.79,Mido Mart: Mango Milk 500ml,Groceries,Phoenix,Female
17/09/2022,-15.49,Mido Mart: Matcha Powder 200g,Groceries,Phoenix,Female
17/09/2022,-12.5,Pot: Half Price - Share with chi Thao,Utilities,Phoenix,Female
17/09/2022,-6.6,Coco: Jasmine Milk Tea,Groceries,Phoenix,Female
18/09/2022,-13.8,Air Lab: Chocolate Egg Croquette + Ice Cream,Groceries,Phoenix,Female
18/09/2022,-13.5,Kettle: Half Price - Share with chi Thao,Utilities,Phoenix,Female
18/09/2022,-0.12,Hanaro Mart: Plastic Bag,Utilities,Phoenix,Female
18/09/2022,-3.9,Hanaro Mart: Sushi Hikari Japanese Rice 1kg,Groceries,Phoenix,Female
18/09/2022,-6.2,"Hanaro Mart: Woongjin Rice Drink 1,5L",Groceries,Phoenix,Female
18/09/2022,-5.99,Hanaro Mart: Frozen Tobokki,Groceries,Phoenix,Female
18/09/2022,-7.6,Hanaro Mart: Caffebene Americano,Groceries,Phoenix,Female
18/09/2022,-8.99,Hanaro Mart: Starbucks Frappuchino,Groceries,Phoenix,Female
18/09/2022,-5.3,Hanaro Mart: Takoyaki Sauce,Groceries,Phoenix,Female
18/09/2022,-3.4,Hanaro Mart: Fish Cake 300g,Groceries,Phoenix,Female
18/09/2022,-4.5,Hanaro Mart: Wooden Chopstick & Spoon,Utilities,Phoenix,Female
19/09/2022,-11.98,Office Works: Fiskars Blade 9mm,Utilities,Phoenix,Female
19/09/2022,-4.95,Office Works: Replace Blades 9mm,Utilities,Phoenix,Female
19/09/2022,-28.28,Office Works: Staedtler Scale Ruler,Utilities,Phoenix,Female
19/09/2022,-3.98,Office Works: Utilitiesmate Aluminium Ruler 40cm,Utilities,Phoenix,Female
19/09/2022,-11.9,Baskin Robbins: Sundaes Regular (2 scoops),Groceries,Phoenix,Female
19/09/2022,-1.3,Woolworth: Groceriess Facial Tussues 224pk,Utilities,Phoenix,Female
19/09/2022,-0.9,"Woolworth: Spring Water 1,5L",Groceries,Phoenix,Female
19/09/2022,-5.85,Woolworth: Helmers School Glue 225ml,Utilities,Phoenix,Female
19/09/2022,-5.25,Woolworth: Masking Tape 24mm x 50m,Utilities,Phoenix,Female
19/09/2022,-7.35,Share Tea: 1 Jasmine Green Milk Tea + Cream Top,Groceries,Phoenix,Female
19/09/2022,-5,Uncle Tetsu: 1 Crepe,Groceries,Phoenix,Female
19/09/2022,-21.9,Uncle Tetsu: 1 Original Cheesecake,Groceries,Phoenix,Female
20/09/2022,-6.1,Share Tea: Jasmine Milk Tea,Groceries,Phoenix,Female
20/09/2022,-50,Vodaphone: Contact,Utilities,Phoenix,Female
20/09/2022,-7.95,Share Tea: Mango Milk Tea + Cream Top,Groceries,Phoenix,Female
20/09/2022,-4,Red Lea: Small Chips,Groceries,Phoenix,Female
20/09/2022,-13,Pho Saigon: Pho Tai Vien,Groceries,Phoenix,Female
21/09/2022,-20.6,Top Impression Bakery: 2 croissants ($6.8 each) + 1 iced green tea latte $7,Groceries,Phoenix,Female
21/09/2022,-16,Biyeon: 1 jajjangmyeon,Groceries,Phoenix,Female
21/09/2022,-4.8,Opera Kitchen: 1 cup of lemonade,Groceries,Phoenix,Female
21/09/2022,-5.25,Woolworth: Stain Remover 10ml,Utilities,Phoenix,Female
21/09/2022,-4,Woolworth: Condensed Milk Sweetened,Groceries,Phoenix,Female
21/09/2022,-10.8,Machi Machi: 1 matcha latte with pannacotta bottle,Groceries,Phoenix,Female
21/09/2022,-8,Laundry: Wash and dry,Utilities,Phoenix,Female